<?xml version="1.0" encoding="UTF-8"?>
<metadata>
  <identifier>128BB_16.0.3_Keys</identifier>
  <mediatype>software</mediatype>
  <collection>open_source_software</collection>
  <description>keys or whatever&lt;div&gt;&lt;br /&gt;&lt;/div&gt;</description>
  <scanner>Internet Archive HTML5 Uploader 1.7.0</scanner>
  <subject>Keys</subject>
  <title>16.0.3 Keys</title>
  <uploader>JapaneseOrgy@proton.me</uploader>
  <publicdate>2023-08-13 20:05:28</publicdate>
  <addeddate>2023-08-13 20:05:28</addeddate>
  <curation>[curator]validator@archive.org[/curator][date]20230813200545[/date][comment]checked for malware[/comment]</curation>
</metadata>
